{
    "avg_prec": 0.533721155852538,
    "roc_auc": 0.9601994706241318
}